"","","","","","","","","",""
"","","","","Movimientos Nacionales de Tarjeta de Crédito:","","","","",""
"","","","","Nº **** **** **** 0000","","","","",""
"","","","","","","","","",""
"","","","","Total Abonos","Total Cargos","","","",""
"","","","","0 CLP","11.220 CLP","","","",""
"","","","","","","","","",""
"","Fecha","Categoria","Detalle","","","","","Cuotas","Monto $"
"","10/07/2026","Hogar","* GOOGLE PLAY YOUTUBE GO COMPRAS","","","","","1 de 1","5,500"
"","10/07/2026","Autos Y Transporte","* ROSARIO NORTE COMPRAS","","","","","1 de 1","2,470"
"","07/07/2026","Autos Y Transporte","ROSARIO NORTE COMPRAS","","","","","1 de 1","3,250"
"","* Movimientos sujetos a confirmación por los comercios respectivos.","","","","","","","",""
